market_segment,mean_cycle_days,median_cycle_days,std_cycle_days,num_deals_analyzed,lag_months_used
Global Market,143.58441558441558,139.0,31.035563894743582,1386,4
Large Market,138.3044846577498,131.0,30.30614350594146,1271,4
Mid-Market,147.09171075837742,145.0,24.80106370016857,1701,4
Small Market,149.28169014084506,144.0,33.914469666793224,1065,4
