market_segment,total_created_revenue,total_won_revenue,win_rate_pct
Global Market,95617702,10521103,0.11003300413975646
Large Market,39234294,4193976,0.10689566632701483
Mid-Market,18624909,2555114,0.13718799914673407
Small Market,5437357,428869,0.07887453407970085
