market_segment,mean_cycle_days,median_cycle_days,std_cycle_days,lag_months_used,num_deals_analyzed
Global Market,143.58441558441558,139.0,31.035563894743557,4,1386
Large Market,138.3044846577498,131.0,30.306143505941453,4,1271
Mid-Market,147.09171075837742,145.0,24.801063700168577,4,1701
Small Market,149.28169014084506,144.0,33.91446966679321,4,1065
